[
    {"name": "translate_en.txt", "desc": " → English"},
    {"name": "translate_ar.txt", "desc": " → Arabic"},
    {"name": "translate_bg.txt", "desc": " → Bulgarian"},
    {"name": "translate_cs.txt", "desc": " → Czech"},
    {"name": "translate_da.txt", "desc": " → Danish"},
    {"name": "translate_de.txt", "desc": " → German"},
    {"name": "translate_el.txt", "desc": " → Greek"},
    {"name": "translate_es.txt", "desc": " → Spanish"},
    {"name": "translate_et.txt", "desc": " → Estonian"},
    {"name": "translate_fi.txt", "desc": " → Finnish"},
    {"name": "translate_fr.txt", "desc": " → French"},
    {"name": "translate_he.txt", "desc": " → Hebrew"},
    {"name": "translate_hi.txt", "desc": " → Hindi"},
    {"name": "translate_hu.txt", "desc": " → Hungarian"},
    {"name": "translate_is.txt", "desc": " → Icelandic"},
    {"name": "translate_it.txt", "desc": " → Italian"},
    {"name": "translate_ja.txt", "desc": " → Japanese"},
    {"name": "translate_lt.txt", "desc": " → Lithuanian"},
    {"name": "translate_lv.txt", "desc": " → Latvian"},
    {"name": "translate_nl.txt", "desc": " → Dutch"},
    {"name": "translate_no.txt", "desc": " → Norwegian"},
    {"name": "translate_pl.txt", "desc": " → Polish"},
    {"name": "translate_pt.txt", "desc": " → Portuguese"},
    {"name": "translate_ro.txt", "desc": " → Romanian"},
    {"name": "translate_ru.txt", "desc": " → Russian"},
    {"name": "translate_sr.txt", "desc": " → Serbian"},
    {"name": "translate_sv.txt", "desc": " → Swedish"},
    {"name": "translate_tr.txt", "desc": " → Turkish"},
    {"name": "translate_uk.txt", "desc": " → Ukrainian"},
    {"name": "translate_zh.txt", "desc": " → Chinese (Simplified)"}
]
